ID,Name,PhotoUrl
707852917,Jean Wells,https://randomuser.me/api/portraits/women/69.jpg
490938759,Julian Graham,https://randomuser.me/api/portraits/men/86.jpg
163770618,Herbert Hamilton,https://randomuser.me/api/portraits/men/75.jpg
273600828,Gloria Gibson,https://randomuser.me/api/portraits/women/33.jpg
288029336,Bill Garza,https://randomuser.me/api/portraits/men/97.jpg
420123496,Sandra Coleman,https://randomuser.me/api/portraits/women/0.jpg
306988640,Angel Day,https://randomuser.me/api/portraits/men/85.jpg
733727102,Gina Miller,https://randomuser.me/api/portraits/women/67.jpg
186660643,Emma Thompson,https://randomuser.me/api/portraits/women/45.jpg
557554502,Perry George,https://randomuser.me/api/portraits/men/13.jpg
